focal,neighbour,road_connected,src_vx,tgt_vx,src_distance,tgt_distance,in_distance,road_distance
0,1,1.0,1187442,1251894,1466.7702280899193,4600.577593789557,89978.57999999987,96045.92782187935
0,2,1.0,1187442,1297547,1466.7702280899193,3970.9594986091934,66784.57800000002,72222.30772669915
0,71,1.0,1187442,1714083,1466.7702280899193,2458.50481679508,264753.02099999995,268678.29604488495
0,72,1.0,1187442,1529196,1466.7702280899193,209.84945344711997,89190.92700000017,90867.54668153722
0,73,1.0,1187442,1042476,1466.7702280899193,212.93471713596057,154383.77900000013,156063.483945226
1,0,1.0,1251894,1187442,4600.577593789557,1466.7702280899193,89978.57999999971,96045.92782187919
1,3,1.0,1251894,1124682,4600.577593789557,9608.742532275297,118934.64000000006,133143.9601260649
1,72,1.0,1251894,1529196,4600.577593789557,209.84945344711997,127691.02000000003,132501.44704723672
2,0,1.0,1297547,1187442,3970.9594986091934,1466.7702280899193,66784.57800000007,72222.30772669919
2,3,1.0,1297547,1124682,3970.9594986091934,9608.742532275297,123990.87900000012,137570.5810308846
3,1,1.0,1124682,1251894,9608.742532275297,4600.577593789557,118934.64000000006,133143.96012606492
3,2,1.0,1124682,1297547,9608.742532275297,3970.9594986091934,123990.87899999977,137570.58103088423
4,5,1.0,1274600,585839,11690.611427341271,1697.3498188290946,159955.50000000003,173343.4612461704
4,8,1.0,1274600,444228,11690.611427341271,167.14986970806848,52585.59799999999,64443.359297049334
5,4,1.0,585839,1274600,1697.3498188290946,11690.611427341271,159955.50000000003,173343.4612461704
5,7,1.0,585839,3040693,1697.3498188290946,124.7473483346421,77504.82900000001,79326.92616716375
5,30,1.0,585839,465610,1697.3498188290946,2466.8392207931574,125421.64299999991,129585.83203962217
6,8,1.0,3107676,444228,1722.3242557235035,167.14986970806848,111919.2969999998,113808.77112543138
6,16,1.0,3107676,2175839,1722.3242557235035,330.7983301559857,194132.7829999995,196185.905585879
6,17,1.0,3107676,450709,1722.3242557235035,820.7902310705001,205074.0509999996,207617.16548679362
6,31,1.0,3107676,154542,1722.3242557235035,1419.0385187706859,178093.7310000005,181235.0937744947
6,32,1.0,3107676,1705707,1722.3242557235035,377.846141833082,173018.42699999936,175118.59739755595
6,62,1.0,3107676,427583,1722.3242557235035,5449.9747033927,250615.96899999978,257788.267959116
7,5,1.0,3040693,585839,124.7473483346421,1697.3498188290946,77504.82900000006,79326.9261671638
7,16,1.0,3040693,2175839,124.7473483346421,330.7983301559857,92895.36800000009,93350.91367849072
7,30,1.0,3040693,465610,124.7473483346421,2466.8392207931574,89731.97599999984,92323.56256912764
8,4,1.0,444228,1274600,167.14986970806848,11690.611427341271,52585.598,64443.359297049334
8,6,1.0,444228,3107676,167.14986970806848,1722.3242557235035,111919.29699999992,113808.77112543149
8,16,1.0,444228,2175839,167.14986970806848,330.7983301559857,120666.30199999997,121164.25019986402
9,53,1.0,17322,306728,85.41660389459008,522.4980883001934,62310.67100000003,62918.585692194814
9,56,1.0,17322,2341355,85.41660389459008,69.70570912278009,52738.986000000026,52894.1083130174
10,13,1.0,228517,675353,13147.010931969644,4054.4604145247326,299845.11099999957,317046.5823464939
10,15,1.0,228517,237430,13147.010931969644,3163.1464164694385,97661.5059999999,113971.66334843899
11,14,1.0,113155,114360,3826.151070733024,22668.814946591712,294952.9009999999,321447.86701732466
11,15,1.0,113155,237430,3826.151070733024,3163.1464164694385,249911.7549999998,256901.05248720228
11,49,1.0,113155,635265,3826.151070733024,12368.030970087546,105724.75300000013,121918.93504082071
12,13,1.0,505076,675353,1061.9940543838777,4054.4604145247326,274866.62000000046,279983.07446890906
12,14,1.0,505076,114360,1061.9940543838777,22668.814946591712,160694.22000000018,184425.02900097577
13,10,1.0,675353,228517,4054.4604145247326,13147.010931969644,299845.11100000073,317046.58234649507
13,12,1.0,675353,505076,4054.4604145247326,1061.9940543838777,274866.62000000046,279983.07446890906
13,14,1.0,675353,114360,4054.4604145247326,22668.814946591712,155140.8929999999,181864.16836111635
13,15,1.0,675353,237430,4054.4604145247326,3163.1464164694385,254444.7250000004,261662.3318309946
14,11,1.0,114360,113155,22668.814946591712,3826.151070733024,294952.90099999995,321447.8670173247
14,12,1.0,114360,505076,22668.814946591712,1061.9940543838777,160694.22,184425.0290009756
14,13,1.0,114360,675353,22668.814946591712,4054.4604145247326,155140.89299999987,181864.16836111632
15,10,1.0,237430,228517,3163.1464164694385,13147.010931969644,97661.50599999976,113971.66334843884
15,11,1.0,237430,113155,3163.1464164694385,3826.151070733024,249911.75500000015,256901.05248720263
15,13,1.0,237430,675353,3163.1464164694385,4054.4604145247326,254444.72499999995,261662.33183099414
15,47,1.0,237430,335281,3163.1464164694385,10116.877537425491,294201.9929999999,307482.0169538948
15,49,1.0,237430,635265,3163.1464164694385,12368.030970087546,224550.7879999998,240081.96538655678
15,65,1.0,237430,1744888,3163.1464164694385,495.9737829298195,155678.42099999991,159337.5411993992
16,6,1.0,2175839,3107676,330.7983301559857,1722.3242557235035,194132.78300000017,196185.90558587966
16,7,1.0,2175839,3040693,330.7983301559857,124.7473483346421,92895.3680000001,93350.91367849073
16,8,1.0,2175839,444228,330.7983301559857,167.14986970806848,120666.3019999998,121164.25019986386
16,17,1.0,2175839,450709,330.7983301559857,820.7902310705001,112407.52300000018,113559.11156122666
16,18,1.0,2175839,471586,330.7983301559857,2693.015872156553,374185.6730000003,377209.4872023128
16,19,1.0,2175839,2805516,330.7983301559857,624.809865371054,111324.79100000004,112280.39919552708
16,29,1.0,2175839,2314607,330.7983301559857,2638.8166287876675,166305.56899999978,169275.18395894344
16,30,1.0,2175839,465610,330.7983301559857,2466.8392207931574,145596.865,148394.50255094914
17,6,1.0,450709,3107676,820.7902310705001,1722.3242557235035,205074.0509999998,207617.16548679382
17,16,1.0,450709,2175839,820.7902310705001,330.7983301559857,112407.52299999993,113559.11156122641
17,18,1.0,450709,471586,820.7902310705001,2693.015872156553,439360.9520000003,442874.7581032273
17,58,1.0,450709,2370445,820.7902310705001,8079.597177291727,273571.50699999905,282471.8944083613
17,60,1.0,450709,2922480,820.7902310705001,2439.081283393393,215787.41599999933,219047.28751446324
17,62,1.0,450709,427583,820.7902310705001,5449.9747033927,140654.2630000001,146925.02793446332
18,16,1.0,471586,2175839,2693.015872156553,330.7983301559857,374185.67300000007,377209.48720231256
18,17,1.0,471586,450709,2693.015872156553,820.7902310705001,439360.9520000015,442874.7581032285
18,19,1.0,471586,2805516,2693.015872156553,624.809865371054,275678.117,278995.9427375276
18,36,1.0,471586,2927075,2693.015872156553,2861.906316526641,247654.46499999976,253209.38718868297
18,61,1.0,471586,146199,2693.015872156553,1300.420443111867,329838.6070000001,333832.0433152685
19,16,1.0,2805516,2175839,624.809865371054,330.7983301559857,111324.79099999997,112280.399195527
19,18,1.0,2805516,471586,624.809865371054,2693.015872156553,275678.1169999996,278995.9427375272
19,29,1.0,2805516,2314607,624.809865371054,2638.8166287876675,92757.486,96021.11249415872
20,21,1.0,2059787,571030,15499.41797873689,23074.1120661149,135463.30899999992,174036.83904485172
20,24,1.0,2059787,181844,15499.41797873689,14094.638245991391,55725.19700000003,85319.25322472831
20,31,1.0,2059787,154542,15499.41797873689,1419.0385187706859,212330.57500000007,229249.03149750765
21,20,1.0,571030,2059787,23074.1120661149,15499.41797873689,135463.30900000007,174036.83904485186
21,24,1.0,571030,181844,23074.1120661149,14094.638245991391,127921.68400000014,165090.43431210643
21,41,1.0,571030,315900,23074.1120661149,4301.762918642339,200438.54400000005,227814.4189847573
21,43,1.0,571030,699774,23074.1120661149,2565.0136994843124,360892.20999999874,386531.33576559793
22,23,1.0,2837609,1776937,25148.822692843274,795.5493934606991,109572.01500000007,135516.38708630405
22,24,1.0,2837609,181844,25148.822692843274,14094.638245991391,103068.35900000003,142311.8199388347
22,32,1.0,2837609,1705707,25148.822692843274,377.846141833082,169219.03700000007,194745.70583467642
22,45,1.0,2837609,1866479,25148.822692843274,2581.207669649453,176793.93199999986,204523.96236249257
23,22,1.0,1776937,2837609,795.5493934606991,25148.822692843274,109572.01499999993,135516.3870863039
23,32,1.0,1776937,1705707,795.5493934606991,377.846141833082,242984.33399999965,244157.72953529345
24,20,1.0,181844,2059787,14094.638245991391,15499.41797873689,55725.19699999997,85319.25322472825
24,21,1.0,181844,571030,14094.638245991391,23074.1120661149,127921.68400000001,165090.4343121063
24,22,1.0,181844,2837609,14094.638245991391,25148.822692843274,103068.35899999997,142311.81993883464
24,31,1.0,181844,154542,14094.638245991391,1419.0385187706859,201254.626,216768.30276476208
24,43,1.0,181844,699774,14094.638245991391,2565.0136994843124,482186.8659999979,498846.51794547355
25,27,1.0,277015,1838215,1837.5209834155462,4317.801827007673,98702.32199999988,104857.6448104231
25,29,1.0,277015,2314607,1837.5209834155462,2638.8166287876675,184827.18300000022,189303.52061220343
25,36,1.0,277015,2927075,1837.5209834155462,2861.906316526641,94725.87800000003,99425.3052999422
26,27,1.0,420410,1838215,10945.050995813212,4317.801827007673,121882.82899999953,137145.68182282042
26,28,1.0,420410,465441,10945.050995813212,5813.178224377608,93387.97900000006,110146.20822019089
26,29,1.0,420410,2314607,10945.050995813212,2638.8166287876675,167056.33100000018,180640.19862460106
27,25,1.0,1838215,277015,4317.801827007673,1837.5209834155462,98702.32200000003,104857.64481042324
27,26,1.0,1838215,420410,4317.801827007673,10945.050995813212,121882.82899999974,137145.68182282062
28,26,1.0,465441,420410,5813.178224377608,10945.050995813212,93387.97900000005,110146.20822019088
28,30,1.0,465441,465610,5813.178224377608,2466.8392207931574,70634.44300000003,78914.4604451708
29,16,1.0,2314607,2175839,2638.8166287876675,330.7983301559857,166305.56899999996,169275.1839589436
29,19,1.0,2314607,2805516,2638.8166287876675,624.809865371054,92757.4860000001,96021.11249415882
29,25,1.0,2314607,277015,2638.8166287876675,1837.5209834155462,184827.18300000016,189303.52061220337
29,26,1.0,2314607,420410,2638.8166287876675,10945.050995813212,167056.33100000018,180640.19862460106
29,30,1.0,2314607,465610,2638.8166287876675,2466.8392207931574,111470.2920000001,116575.94784958093
30,5,1.0,465610,585839,2466.8392207931574,1697.3498188290946,125421.64299999997,129585.83203962223
30,7,1.0,465610,3040693,2466.8392207931574,124.7473483346421,89731.97600000007,92323.56256912787
30,16,1.0,465610,2175839,2466.8392207931574,330.7983301559857,145596.86500000005,148394.5025509492
30,28,1.0,465610,465441,2466.8392207931574,5813.178224377608,70634.44300000006,78914.46044517083
30,29,1.0,465610,2314607,2466.8392207931574,2638.8166287876675,111470.2920000001,116575.94784958093
31,6,1.0,154542,3107676,1419.0385187706859,1722.3242557235035,178093.731,181235.0937744942
31,20,1.0,154542,2059787,1419.0385187706859,15499.41797873689,212330.57499999998,229249.03149750756
31,24,1.0,154542,181844,1419.0385187706859,14094.638245991391,201254.62600000013,216768.30276476222
31,32,1.0,154542,1705707,1419.0385187706859,377.846141833082,120361.77499999995,122158.65966060372
32,6,1.0,1705707,3107676,377.846141833082,1722.3242557235035,173018.42699999953,175118.59739755612
32,22,1.0,1705707,2837609,377.846141833082,25148.822692843274,169219.03700000021,194745.70583467657
32,23,1.0,1705707,1776937,377.846141833082,795.5493934606991,242984.33399999983,244157.72953529362
32,31,1.0,1705707,154542,377.846141833082,1419.0385187706859,120361.77499999982,122158.65966060359
32,33,1.0,1705707,1571816,377.846141833082,551.5492215002234,60017.85400000004,60947.24936333335
32,52,1.0,1705707,103614,377.846141833082,184.16895375325012,139634.99400000062,140197.00909558695
32,55,1.0,1705707,83709,377.846141833082,546.9596482084522,115159.7709999998,116084.57679004133
32,62,1.0,1705707,427583,377.846141833082,5449.9747033927,215353.79700000034,221181.61784522614
33,32,1.0,1571816,1705707,551.5492215002234,377.846141833082,60017.85399999995,60947.249363333256
33,52,1.0,1571816,103614,551.5492215002234,184.16895375325012,164462.34600000054,165198.06417525403
33,54,1.0,1571816,104491,551.5492215002234,4417.26486377204,119726.39700000006,124695.21108527233
33,55,1.0,1571816,83709,551.5492215002234,546.9596482084522,55141.91699999994,56240.42586970862
34,35,1.0,300764,342260,11112.631514374403,355.758220505248,118010.07400000004,129478.46373487968
34,36,1.0,300764,2927075,11112.631514374403,2861.906316526641,119403.66300000002,133378.20083090104
34,37,1.0,300764,98290,11112.631514374403,10561.671914823954,165543.39100000015,187217.6944291985
35,34,1.0,342260,300764,355.758220505248,11112.631514374403,118010.07399999996,129478.46373487961
35,37,1.0,342260,98290,355.758220505248,10561.671914823954,180714.23700000026,191631.66713532948
35,39,1.0,342260,156083,355.758220505248,1465.2718859378888,91896.63999999997,93717.67010644311
35,57,1.0,342260,2251355,355.758220505248,2962.0016825171197,110433.25899999998,113751.01890302234
36,18,1.0,2927075,471586,2861.906316526641,2693.015872156553,247654.46499999994,253209.38718868315
36,25,1.0,2927075,277015,2861.906316526641,1837.5209834155462,94725.87800000003,99425.3052999422
36,34,1.0,2927075,300764,2861.906316526641,11112.631514374403,119403.663,133378.20083090104
36,37,1.0,2927075,98290,2861.906316526641,10561.671914823954,230741.12500000017,244164.70323135078
37,34,1.0,98290,300764,10561.671914823954,11112.631514374403,165543.39099999997,187217.69442919834
37,35,1.0,98290,342260,10561.671914823954,355.758220505248,180714.2370000003,191631.66713532954
37,36,1.0,98290,2927075,10561.671914823954,2861.906316526641,230741.12499999997,244164.70323135058
37,38,1.0,98290,3111181,10561.671914823954,10109.357530122343,244241.25100000002,264912.2804449463
37,39,1.0,98290,156083,10561.671914823954,1465.2718859378888,191665.18299999987,203692.12680076173
37,40,1.0,98290,756045,10561.671914823954,39.59333978452822,163266.3710000004,173867.6362546089
38,37,1.0,3111181,98290,10109.357530122343,10561.671914823954,244241.2509999995,264912.2804449458
38,40,1.0,3111181,756045,10109.357530122343,39.59333978452822,89924.9899999999,100073.94086990677
39,35,1.0,156083,342260,1465.2718859378888,355.758220505248,91896.64000000007,93717.67010644321
39,37,1.0,156083,98290,1465.2718859378888,10561.671914823954,191665.18300000005,203692.1268007619
39,40,1.0,156083,756045,1465.2718859378888,39.59333978452822,157434.41300000015,158939.27822572258
40,37,1.0,756045,98290,39.59333978452822,10561.671914823954,163266.37100000042,173867.63625460892
40,38,1.0,756045,3111181,39.59333978452822,10109.357530122343,89924.9899999999,100073.94086990677
40,39,1.0,756045,156083,39.59333978452822,1465.2718859378888,157434.41299999994,158939.27822572237
41,21,1.0,315900,571030,4301.762918642339,23074.1120661149,200438.54399999994,227814.41898475718
41,42,1.0,315900,3105530,4301.762918642339,4712.481923345363,69209.97499999999,78224.2198419877
41,43,1.0,315900,699774,4301.762918642339,2565.0136994843124,301188.73699999874,308055.51361812535
41,44,1.0,315900,331325,4301.762918642339,6732.330048891493,160607.16699999987,171641.2599675337
41,46,1.0,315900,323106,4301.762918642339,2589.0458636679236,190261.56799999994,197152.3767823102
42,41,1.0,3105530,315900,4712.481923345363,4301.762918642339,69209.97499999998,78224.21984198768
43,21,1.0,699774,571030,2565.0136994843124,23074.1120661149,360892.21000000066,386531.33576559986
43,24,1.0,699774,181844,2565.0136994843124,14094.638245991391,482186.86600000045,498846.5179454761
43,41,1.0,699774,315900,2565.0136994843124,4301.762918642339,301188.7369999993,308055.51361812593
43,44,1.0,699774,331325,2565.0136994843124,6732.330048891493,258038.55299999996,267335.8967483758
43,45,1.0,699774,1866479,2565.0136994843124,2581.207669649453,241679.64500000054,246825.8663691343
44,41,1.0,331325,315900,6732.330048891493,4301.762918642339,160607.16699999975,171641.25996753358
44,43,1.0,331325,699774,6732.330048891493,2565.0136994843124,258038.553,267335.8967483758
44,46,1.0,331325,323106,6732.330048891493,2589.0458636679236,119434.55599999997,128755.93191255939
44,47,1.0,331325,335281,6732.330048891493,10116.877537425491,152848.1520000001,169697.35958631706
45,22,1.0,1866479,2837609,2581.207669649453,25148.822692843274,176793.93199999988,204523.9623624926
45,43,1.0,1866479,699774,2581.207669649453,2565.0136994843124,241679.64500000014,246825.8663691339
46,41,1.0,323106,315900,2589.0458636679236,4301.762918642339,190261.56800000035,197152.3767823106
46,44,1.0,323106,331325,2589.0458636679236,6732.330048891493,119434.55599999997,128755.93191255939
46,47,1.0,323106,335281,2589.0458636679236,10116.877537425491,174719.4980000001,187425.4214010935
46,48,1.0,323106,2629831,2589.0458636679236,41.06792054561354,137866.71999999983,140496.83378421335
46,64,1.0,323106,2752727,2589.0458636679236,2903.095205618217,181324.3140000004,186816.45506928652
47,15,1.0,335281,237430,10116.877537425491,3163.1464164694385,294201.9930000001,307482.016953895
47,44,1.0,335281,331325,10116.877537425491,6732.330048891493,152848.15200000023,169697.3595863172
47,46,1.0,335281,323106,10116.877537425491,2589.0458636679236,174719.4980000001,187425.4214010935
47,48,1.0,335281,2629831,10116.877537425491,41.06792054561354,128478.39800000003,138636.34345797115
48,46,1.0,2629831,323106,41.06792054561354,2589.0458636679236,137866.71999999977,140496.8337842133
48,47,1.0,2629831,335281,41.06792054561354,10116.877537425491,128478.39799999984,138636.34345797094
48,64,1.0,2629831,2752727,41.06792054561354,2903.095205618217,171138.41600000032,174082.57912616414
48,65,1.0,2629831,1744888,41.06792054561354,495.9737829298195,255461.87399999978,255998.9157034752
49,11,1.0,635265,113155,12368.030970087546,3826.151070733024,105724.75299999994,121918.93504082052
49,15,1.0,635265,237430,12368.030970087546,3163.1464164694385,224550.78799999974,240081.96538655672
49,51,1.0,635265,112451,12368.030970087546,9756.987445941133,271931.495,294056.5134160287
50,51,1.0,2131089,112451,9112.197900953377,9756.987445941133,269550.094,288419.2793468945
50,63,1.0,2131089,2387108,9112.197900953377,760.4200209729,136179.2369999998,146051.85492192607
50,71,1.0,2131089,1714083,9112.197900953377,2458.50481679508,287326.10599999997,298896.8087177484
51,49,1.0,112451,635265,9756.987445941133,12368.030970087546,271931.4950000001,294056.5134160288
51,50,1.0,112451,2131089,9756.987445941133,9112.197900953377,269550.0939999995,288419.279346894
51,65,1.0,112451,1744888,9756.987445941133,495.9737829298195,222069.09000000008,232322.05122887105
52,32,1.0,103614,1705707,184.16895375325012,377.846141833082,139634.99399999992,140197.00909558625
52,33,1.0,103614,1571816,184.16895375325012,551.5492215002234,164462.34599999958,165198.06417525306
53,9,1.0,306728,17322,522.4980883001934,85.41660389459008,62310.671000000024,62918.58569219481
53,54,1.0,306728,104491,522.4980883001934,4417.26486377204,119151.38799999998,124091.15095207222
53,55,1.0,306728,83709,522.4980883001934,546.9596482084522,77063.97299999998,78133.43073650863
53,56,1.0,306728,2341355,522.4980883001934,69.70570912278009,81013.05100000006,81605.25479742304
54,33,1.0,104491,1571816,4417.26486377204,551.5492215002234,119726.3970000002,124695.21108527247
54,53,1.0,104491,306728,4417.26486377204,522.4980883001934,119151.38800000002,124091.15095207226
54,55,1.0,104491,83709,4417.26486377204,546.9596482084522,105488.69999999998,110452.92451198047
55,32,1.0,83709,1705707,546.9596482084522,377.846141833082,115159.77099999995,116084.57679004148
55,33,1.0,83709,1571816,546.9596482084522,551.5492215002234,55141.916999999994,56240.42586970867
55,53,1.0,83709,306728,546.9596482084522,522.4980883001934,77063.97300000001,78133.43073650866
55,54,1.0,83709,104491,546.9596482084522,4417.26486377204,105488.70000000014,110452.92451198063
55,62,1.0,83709,427583,546.9596482084522,5449.9747033927,120797.38200000009,126794.31635160123
56,9,1.0,2341355,17322,69.70570912278009,85.41660389459008,52738.98599999998,52894.10831301736
56,53,1.0,2341355,306728,69.70570912278009,522.4980883001934,81013.05099999998,81605.25479742295
56,59,1.0,2341355,260032,69.70570912278009,74.1971079442121,78735.44599999992,78879.34881706692
56,60,1.0,2341355,2922480,69.70570912278009,2439.081283393393,96081.46300000016,98590.24999251633
56,62,1.0,2341355,427583,69.70570912278009,5449.9747033927,67749.57700000003,73269.25741251551
57,35,1.0,2251355,342260,2962.0016825171197,355.758220505248,110433.25899999998,113751.01890302234
57,58,1.0,2251355,2370445,2962.0016825171197,8079.597177291727,83375.77800000002,94417.37685980886
57,59,1.0,2251355,260032,2962.0016825171197,74.1971079442121,125490.70800000006,128526.90679046139
57,61,1.0,2251355,146199,2962.0016825171197,1300.420443111867,53027.89599999998,57290.31812562897
58,17,1.0,2370445,450709,8079.597177291727,820.7902310705001,273571.50700000004,282471.8944083623
58,57,1.0,2370445,2251355,8079.597177291727,2962.0016825171197,83375.77799999998,94417.37685980882
58,59,1.0,2370445,260032,8079.597177291727,74.1971079442121,80890.44400000006,89044.238285236
58,60,1.0,2370445,2922480,8079.597177291727,2439.081283393393,74624.2349999999,85142.91346068501
58,61,1.0,2370445,146199,8079.597177291727,1300.420443111867,102231.157,111611.1746204036
59,56,1.0,260032,2341355,74.1971079442121,69.70570912278009,78735.4459999999,78879.34881706689
59,57,1.0,260032,2251355,74.1971079442121,2962.0016825171197,125490.70799999991,128526.90679046125
59,58,1.0,260032,2370445,74.1971079442121,8079.597177291727,80890.44399999997,89044.23828523592
59,60,1.0,260032,2922480,74.1971079442121,2439.081283393393,46453.645,48966.92339133761
60,17,1.0,2922480,450709,2439.081283393393,820.7902310705001,215787.41599999997,219047.28751446388
60,56,1.0,2922480,2341355,2439.081283393393,69.70570912278009,96081.46300000002,98590.24999251618
60,58,1.0,2922480,2370445,2439.081283393393,8079.597177291727,74624.23500000003,85142.91346068514
60,59,1.0,2922480,260032,2439.081283393393,74.1971079442121,46453.645000000026,48966.92339133764
61,18,1.0,146199,471586,1300.420443111867,2693.015872156553,329838.6070000003,333832.0433152687
61,57,1.0,146199,2251355,1300.420443111867,2962.0016825171197,53027.895999999964,57290.31812562895
61,58,1.0,146199,2370445,1300.420443111867,8079.597177291727,102231.157,111611.1746204036
62,6,1.0,427583,3107676,5449.9747033927,1722.3242557235035,250615.96899999992,257788.26795911614
62,17,1.0,427583,450709,5449.9747033927,820.7902310705001,140654.2629999998,146925.02793446303
62,32,1.0,427583,1705707,5449.9747033927,377.846141833082,215353.7970000002,221181.617845226
62,55,1.0,427583,83709,5449.9747033927,546.9596482084522,120797.38200000006,126794.3163516012
62,56,1.0,427583,2341355,5449.9747033927,69.70570912278009,67749.57700000002,73269.2574125155
63,50,1.0,2387108,2131089,760.4200209729,9112.197900953377,136179.2369999999,146051.8549219262
63,67,1.0,2387108,2417943,760.4200209729,888.0126926886808,179032.21600000022,180680.6487136618
63,68,1.0,2387108,2545913,760.4200209729,221.63220616149798,134589.34999999995,135571.40222713436
64,46,1.0,2752727,323106,2903.095205618217,2589.0458636679236,181324.31400000027,186816.4550692864
64,48,1.0,2752727,2629831,2903.095205618217,41.06792054561354,171138.41599999976,174082.5791261636
64,65,1.0,2752727,1744888,2903.095205618217,495.9737829298195,277381.5180000004,280780.58698854846
64,66,1.0,2752727,2844029,2903.095205618217,1014.9064213462091,106204.653,110122.65462696443
64,68,1.0,2752727,2545913,2903.095205618217,221.63220616149798,128020.06099999978,131144.7884117795
65,15,1.0,1744888,237430,495.9737829298195,3163.1464164694385,155678.42099999974,159337.541199399
65,48,1.0,1744888,2629831,495.9737829298195,41.06792054561354,255461.87399999963,255998.91570347507
65,51,1.0,1744888,112451,495.9737829298195,9756.987445941133,222069.09000000026,232322.05122887122
65,64,1.0,1744888,2752727,495.9737829298195,2903.095205618217,277381.5179999995,280780.5869885476
65,66,1.0,1744888,2844029,495.9737829298195,1014.9064213462091,203255.09000000037,204765.9702042764
66,64,1.0,2844029,2752727,1014.9064213462091,2903.095205618217,106204.65300000002,110122.65462696445
66,65,1.0,2844029,1744888,1014.9064213462091,495.9737829298195,203255.09000000003,204765.97020427606
67,63,1.0,2417943,2387108,888.0126926886808,760.4200209729,179032.2159999998,180680.6487136614
67,68,1.0,2417943,2545913,888.0126926886808,221.63220616149798,168956.08300000013,170065.7278988503
67,69,1.0,2417943,1856674,888.0126926886808,240.6075239913191,118018.76699999993,119147.38721667994
67,70,1.0,2417943,1979690,888.0126926886808,843.9321016143915,118759.13100000005,120491.07579430313
67,71,1.0,2417943,1714083,888.0126926886808,2458.50481679508,180760.37499999997,184106.89250948373
68,63,1.0,2545913,2387108,221.63220616149798,760.4200209729,134589.35,135571.40222713441
68,64,1.0,2545913,2752727,221.63220616149798,2903.095205618217,128020.06100000005,131144.78841177977
68,67,1.0,2545913,2417943,221.63220616149798,888.0126926886808,168956.0829999998,170065.72789885
69,67,1.0,1856674,2417943,240.6075239913191,888.0126926886808,118018.76700000004,119147.38721668004
69,70,1.0,1856674,1979690,240.6075239913191,843.9321016143915,130460.36100000009,131544.9006256058
69,73,1.0,1856674,1042476,240.6075239913191,212.93471713596057,98217.67500000005,98671.21724112732
70,67,1.0,1979690,2417943,843.9321016143915,888.0126926886808,118759.13100000007,120491.07579430315
70,69,1.0,1979690,1856674,843.9321016143915,240.6075239913191,130460.36100000005,131544.90062560575
70,71,1.0,1979690,1714083,843.9321016143915,2458.50481679508,92028.48199999992,95330.91891840938
71,0,1.0,1714083,1187442,2458.50481679508,1466.7702280899193,264753.02099999983,268678.29604488483
71,50,1.0,1714083,2131089,2458.50481679508,9112.197900953377,287326.10599999985,298896.80871774827
71,67,1.0,1714083,2417943,2458.50481679508,888.0126926886808,180760.37500000032,184106.89250948408
71,70,1.0,1714083,1979690,2458.50481679508,843.9321016143915,92028.48199999996,95330.91891840943
71,73,1.0,1714083,1042476,2458.50481679508,212.93471713596057,186348.88599999994,189020.325533931
72,0,1.0,1529196,1187442,209.84945344711997,1466.7702280899193,89190.9269999999,90867.54668153694
72,1,1.0,1529196,1251894,209.84945344711997,4600.577593789557,127691.0199999998,132501.4470472365
72,73,1.0,1529196,1042476,209.84945344711997,212.93471713596057,111001.63299999984,111424.41717058292
73,0,1.0,1042476,1187442,212.93471713596057,1466.7702280899193,154383.77900000013,156063.483945226
73,69,1.0,1042476,1856674,212.93471713596057,240.6075239913191,98217.67499999997,98671.21724112725
73,71,1.0,1042476,1714083,212.93471713596057,2458.50481679508,186348.88599999956,189020.32553393062
73,72,1.0,1042476,1529196,212.93471713596057,209.84945344711997,111001.63300000028,111424.41717058336
